StockCode,Description,Available Quantity,UnitPrice
85123A,WHITE HANGING HEART T-LIGHT HOLDER,6,2.55
71053,WHITE METAL LANTERN,6,3.39
84406B,CREAM CUPID HEARTS COAT HANGER,8,2.75
84029G,KNITTED UNION FLAG HOT WATER BOTTLE,6,3.39
84029E,RED WOOLLY HOTTIE WHITE HEART.,6,3.39
22752,SET 7 BABUSHKA NESTING BOXES,2,7.65
21730,GLASS STAR FROSTED T-LIGHT HOLDER,6,4.25
22633,HAND WARMER UNION JACK,6,1.85
22632,HAND WARMER RED POLKA DOT,6,1.85
84879,ASSORTED COLOUR BIRD ORNAMENT,32,1.69
\,POPPY'S PLAYHOUSE BEDROOM ,6,2.1
,,,